Training Time (s),Mean Absolute Error ($),Mean Percentage Error (%)
0.02733135223388672,17096.82967566421,9.88154577628151
